{"posts":[{"id":1,"titre":"Mon premier article","contenu":"Ceci est le contenu de mon premier article","autheur":"José"},{"id":2,"titre":"Mon deuxième article","contenu":"Ceci est le contenu de mon deuxième article","autheur":"Mohamed"},{"id":3,"titre":"Mon troisième article","contenu":"Ceci est le contenu de mon troisième article","autheur":"Huguette"},{"titre":"efrzioj o","contenu":"iuehjzfo ","autheur":"ijezpo f ","id":4},{"titre":"zefzf","contenu":"efezf","autheur":"ezff","id":5},{"titre":"mon nouveau post","contenu":"eheheh","autheur":"Oui","id":6}]}